program,prover,hashfn,shard_size,shards,cycles,speed,execution_duration,prove_duration,core_prove_duration,core_verify_duration,core_proof_size,core_khz,compress_prove_duration,compress_verify_duration,compress_proof_size,overall_khz,priority,hashes_per_second,hash_bytes_per_second,gas,shrink_prove_duration,wrap_prove_duration,groth16_prove_duration,plonk_prove_duration
fibonacci-300kn,sp1,poseidon,21,3,3605832,172630.96672590822,0.067575297,40.231939957,20.887515539,0.320915699,4815175,172.63096672590822,19.344424418,0.0767289,1315503,89.62610313730639,12,,,,5.074693719,0,4.70839032,0
rsp-17106222,sp1,poseidon,21,129,222363498,267969.0784568297,11.41407003,1732.996608068,829.810287368,18.154258108,250121899,267.9690784568297,903.1863207,0.072777805,1477167,128.31155985232883,1,,,,4.901419038,0,4.538775683,0
tendermint,sp1,poseidon,21,10,10423968,193453.06223660448,0.937564304,144.777923992,53.88370636,1.421284555,18706797,193.4530622366045,90.894217632,0.072711887,1477167,71.99970625753686,1,,,,5.074693245,0,5.061403956,0
rsp-20528709,sp1,poseidon,21,218,380837804,270324.4511679071,21.35883595,2982.816460058,1408.817450122,31.178113091,425830480,270.3244511679071,1573.999009936,0.071846794,1477167,127.67725037718034,1,,,16512503,4.460542772,0,4.228035124,0
