program,prover,hashfn,shard_size,shards,cycles,speed,execution_duration,prove_duration,core_prove_duration,core_verify_duration,core_proof_size,core_khz,compress_prove_duration,compress_verify_duration,compress_proof_size,overall_khz,priority,hashes_per_second,hash_bytes_per_second,gas,shrink_prove_duration,wrap_prove_duration,groth16_prove_duration,plonk_prove_duration
tendermint,sp1,poseidon,21,11,10423968,201050.9548031319,1.016912508,152.33290965,51.847393663,1.67324107,21446901,201.0509548031319,100.485515987,0.072469392,1477167,68.428864281199,1,,,,4.99963938,0,4.499309824,0
rsp-20528709,sp1,poseidon,21,250,380837804,265662.56232456595,21.207801347,3392.6712842,1433.539602523,38.95840706,508127090,265.66256232456595,1959.131681677,0.072163418,1477167,112.25308086097189,1,,,16512503,4.844592235,0,4.262845137,0
