program,prover,hashfn,shard_size,shards,cycles,speed,execution_duration,prove_duration,core_prove_duration,core_verify_duration,core_proof_size,core_khz,compress_prove_duration,compress_verify_duration,compress_proof_size,overall_khz,priority,hashes_per_second,hash_bytes_per_second,gas,shrink_prove_duration,wrap_prove_duration,groth16_prove_duration,plonk_prove_duration
fibonacci-300kn,sp1,poseidon,21,3,3605832,174476.3109252469,0.060528467,39.726548884,20.66659927,0.322107893,4815175,174.47631092524688,19.059949614,0.07517733,1315503,90.76630367588413,12,,,,4.990196211,18.166414055,4.061456862,0
fibonacci-300kn,sp1,poseidon,21,3,3605832,175289.8977513821,0.067868437,38.938392118,20.570677753,0.32266146,4815175,175.28989775138209,18.367714365,0.068465637,1315503,92.60351555022572,12,,,,5.005868297,18.302207362,4.249512334,0
